cycle,phase,split_status,split_bypass,split_axi_enable,split_dsc_enable,hybrid_status,hybrid_bypass,hybrid_axi_enable,hybrid_dsc_enable,input_ready,output_valid,output_line,output_frame,output_data
1,reset_asserted,0,1,0,0,0,1,0,0,1,0,0,0,0000000000000000000000000000000000000000000000000
446,command_sync,8,0,0,0,8,0,0,0,1,0,0,0,0000000000000000000000000000000000000000000000000
448,command_sync,8,0,0,0,8,0,0,0,0,0,0,0,0000000000000000000000000000000000000000000000000
555,wait_encoder_ready,8,0,1,0,8,0,1,0,0,0,0,0,0000000000000000000000000000000000000000000000000
556,wait_encoder_ready,8,0,1,0,8,0,1,0,1,0,0,1,0000000000000000000000000000000000000000000000000
557,wait_encoder_ready,8,0,1,1,8,0,1,1,1,0,0,0,0000000000000000000000000000000000000000000000000
662,pixel_transfer,8,0,1,1,8,0,1,1,1,1,0,0,050079de8a00effff80ffff5f6b5b6bb3160488c3c743c000
663,pixel_transfer,8,0,1,1,8,0,1,1,1,1,0,0,050079de8a00effff80ffff5f6b5b6bb3160488c3c743c000
664,pixel_transfer,8,0,1,1,8,0,1,1,1,0,0,0,050079de8a00effff80ffff5f6b5b6bb3160488c3c743c000
685,pixel_transfer,8,0,1,1,8,0,1,1,1,1,0,0,0dbc721942958000ad5ffffbff28088834e746b5b6b5b6b5b
686,pixel_transfer,8,0,1,1,8,0,1,1,1,1,0,0,0dbc721942958000ad5ffffbff28088834e746b5b6b5b6b5b
687,pixel_transfer,8,0,1,1,8,0,1,1,1,0,0,0,0dbc721942958000ad5ffffbff28088834e746b5b6b5b6b5b
705,line_marker,8,0,1,1,8,0,1,1,1,1,0,0,07e8dce2fecf6765338e824a2baddf6f7dbdb4394863a9023
706,pixel_transfer,8,0,1,1,8,0,1,1,1,1,0,0,07e8dce2fecf6765338e824a2baddf6f7dbdb4394863a9023
707,pixel_transfer,8,0,1,1,8,0,1,1,1,0,0,0,07e8dce2fecf6765338e824a2baddf6f7dbdb4394863a9023
727,pixel_transfer,8,0,1,1,8,0,1,1,1,1,0,0,09aba58f9eade3970ddde7f1f10508420a476ede3104f5d53
728,pixel_transfer,8,0,1,1,8,0,1,1,1,1,0,0,09aba58f9eade3970ddde7f1f10508420a476ede3104f5d53
729,pixel_transfer,8,0,1,1,8,0,1,1,1,0,0,0,09aba58f9eade3970ddde7f1f10508420a476ede3104f5d53
747,pixel_transfer,8,0,1,1,8,0,1,1,1,1,0,0,0ddd1f3e4083f6fb9fbf05b70a021220401814c4081a00082
748,pixel_transfer,8,0,1,1,8,0,1,1,1,1,0,0,0ddd1f3e4083f6fb9fbf05b70a021220401814c4081a00082
749,pixel_transfer,8,0,1,1,8,0,1,1,1,0,0,0,0ddd1f3e4083f6fb9fbf05b70a021220401814c4081a00082
769,pixel_transfer,8,0,1,1,8,0,1,1,1,1,0,0,0093e02c4bf5abcf0cfc2001df2de38f7c1df413001148190
770,pixel_transfer,8,0,1,1,8,0,1,1,1,1,0,0,0093e02c4bf5abcf0cfc2001df2de38f7c1df413001148190
771,pixel_transfer,8,0,1,1,8,0,1,1,1,0,0,0,0093e02c4bf5abcf0cfc2001df2de38f7c1df413001148190
791,pixel_transfer,8,0,1,1,8,0,1,1,1,1,0,0,02a2c600acea1e805ebedf41f80c31132fe22040590939040
792,pixel_transfer,8,0,1,1,8,0,1,1,1,1,0,0,02a2c600acea1e805ebedf41f80c31132fe22040590939040
793,pixel_transfer,8,0,1,1,8,0,1,1,1,0,0,0,02a2c600acea1e805ebedf41f80c31132fe22040590939040
862,pixel_transfer,8,0,1,1,8,0,1,1,1,1,0,0,0e223044200b24b852000ea4d1e8bc6e141e282bf4a56261e
863,pixel_transfer,8,0,1,1,8,0,1,1,1,1,0,0,0e223044200b24b852000ea4d1e8bc6e141e282bf4a56261e
864,pixel_transfer,8,0,1,1,8,0,1,1,1,0,0,0,0e223044200b24b852000ea4d1e8bc6e141e282bf4a56261e
890,pixel_transfer,8,0,1,1,8,0,1,1,1,1,0,0,0ff0740a78b4d1521802e15828f104860844000bc922708c0
891,pixel_transfer,8,0,1,1,8,0,1,1,1,1,0,0,0ff0740a78b4d1521802e15828f104860844000bc922708c0
892,pixel_transfer,8,0,1,1,8,0,1,1,1,0,0,0,0ff0740a78b4d1521802e15828f104860844000bc922708c0
918,pixel_transfer,8,0,1,1,8,0,1,1,1,1,0,0,07d62e792d427908f47c81e157649a53ed26084d622140789
919,pixel_transfer,8,0,1,1,8,0,1,1,1,1,0,0,07d62e792d427908f47c81e157649a53ed26084d622140789
920,pixel_transfer,8,0,1,1,8,0,1,1,1,0,0,0,07d62e792d427908f47c81e157649a53ed26084d622140789
956,pixel_transfer,8,0,1,1,8,0,1,1,1,1,0,0,08098654c8420533ca0126a0024243c7c094eeb3a88f41f8f
957,pixel_transfer,8,0,1,1,8,0,1,1,1,1,0,0,08098654c8420533ca0126a0024243c7c094eeb3a88f41f8f
958,pixel_transfer,8,0,1,1,8,0,1,1,1,0,0,0,08098654c8420533ca0126a0024243c7c094eeb3a88f41f8f
984,pixel_transfer,8,0,1,1,8,0,1,1,1,1,0,0,0701532e5940004d044008ba4404550051fff054772cfd31c
985,pixel_transfer,8,0,1,1,8,0,1,1,1,1,0,0,0701532e5940004d044008ba4404550051fff054772cfd31c
986,pixel_transfer,8,0,1,1,8,0,1,1,1,0,0,0,0701532e5940004d044008ba4404550051fff054772cfd31c
1022,pixel_transfer,8,0,1,1,8,0,1,1,1,1,0,0,0092009b81a4d81260235fcf6a926f2f601150f204a09e063
1023,pixel_transfer,8,0,1,1,8,0,1,1,1,1,0,0,0092009b81a4d81260235fcf6a926f2f601150f204a09e063
1024,pixel_transfer,8,0,1,1,8,0,1,1,1,0,0,0,0092009b81a4d81260235fcf6a926f2f601150f204a09e063
1048,line_marker,8,0,1,1,8,0,1,1,1,1,0,0,0a1a94fa200a9074e5260cc200a914ca6d44422807e10103d
1049,pixel_transfer,8,0,1,1,8,0,1,1,1,1,0,0,0a1a94fa200a9074e5260cc200a914ca6d44422807e10103d
1050,pixel_transfer,8,0,1,1,8,0,1,1,1,0,0,0,0a1a94fa200a9074e5260cc200a914ca6d44422807e10103d
1074,pixel_transfer,8,0,1,1,8,0,1,1,1,1,0,0,02293202a40829d7750cdcd170582aa90845215e0c32288db
1075,pixel_transfer,8,0,1,1,8,0,1,1,1,1,0,0,02293202a40829d7750cdcd170582aa90845215e0c32288db
1076,pixel_transfer,8,0,1,1,8,0,1,1,1,0,0,0,02293202a40829d7750cdcd170582aa90845215e0c32288db
1114,pixel_transfer,8,0,1,1,8,0,1,1,1,1,0,0,01c008a2cc4e17b483cc59c01a0fc3d6e09822eb5c7001f10
1115,pixel_transfer,8,0,1,1,8,0,1,1,1,1,0,0,01c008a2cc4e17b483cc59c01a0fc3d6e09822eb5c7001f10
1116,pixel_transfer,8,0,1,1,8,0,1,1,1,0,0,0,01c008a2cc4e17b483cc59c01a0fc3d6e09822eb5c7001f10
1138,pixel_transfer,8,0,1,1,8,0,1,1,1,1,0,0,00c2f054a08808f8200f802401991087e95a1546ae158f406
1139,pixel_transfer,8,0,1,1,8,0,1,1,1,1,0,0,00c2f054a08808f8200f802401991087e95a1546ae158f406
1140,pixel_transfer,8,0,1,1,8,0,1,1,1,0,0,0,00c2f054a08808f8200f802401991087e95a1546ae158f406
1167,pixel_transfer,8,0,1,1,8,0,1,1,1,1,0,0,068e013027857c375043ea2528a12cc2b5d43249101562d20
1168,pixel_transfer,8,0,1,1,8,0,1,1,1,1,0,0,068e013027857c375043ea2528a12cc2b5d43249101562d20
1169,pixel_transfer,8,0,1,1,8,0,1,1,1,0,0,0,068e013027857c375043ea2528a12cc2b5d43249101562d20
1193,pixel_transfer,8,0,1,1,8,0,1,1,1,1,0,0,002048c87ba0b6f0101057983a94fec928a12416f108501d8
1194,pixel_transfer,8,0,1,1,8,0,1,1,1,1,0,0,002048c87ba0b6f0101057983a94fec928a12416f108501d8
1195,line_marker,8,0,1,1,8,0,1,1,1,0,0,0,002048c87ba0b6f0101057983a94fec928a12416f108501d8
1225,pixel_transfer,8,0,1,1,8,0,1,1,1,1,0,0,03dc4034a40b6d6909000fcbd053640498141070949286d21
1226,pixel_transfer,8,0,1,1,8,0,1,1,1,1,0,0,03dc4034a40b6d6909000fcbd053640498141070949286d21
1227,pixel_transfer,8,0,1,1,8,0,1,1,1,0,0,0,03dc4034a40b6d6909000fcbd053640498141070949286d21
1260,pixel_transfer,8,0,1,1,8,0,1,1,1,1,0,0,020045040a4f59c1200a8085efcf9e7a1f00f897f140c1a3e
1261,pixel_transfer,8,0,1,1,8,0,1,1,1,1,0,0,020045040a4f59c1200a8085efcf9e7a1f00f897f140c1a3e
1262,pixel_transfer,8,0,1,1,8,0,1,1,1,0,0,0,020045040a4f59c1200a8085efcf9e7a1f00f897f140c1a3e
1324,pixel_transfer,8,0,1,1,8,0,1,1,1,1,0,0,024042a0155ba1f407701d48242419a8886a6c0413ed43112
1325,pixel_transfer,8,0,1,1,8,0,1,1,1,1,0,0,024042a0155ba1f407701d48242419a8886a6c0413ed43112
1326,pixel_transfer,8,0,1,1,8,0,1,1,1,0,0,0,024042a0155ba1f407701d48242419a8886a6c0413ed43112
1372,pixel_transfer,8,0,1,1,8,0,1,1,1,1,0,0,0c9b42d1988648d239403c85d02712d21328884000a44d189
1373,pixel_transfer,8,0,1,1,8,0,1,1,1,1,0,0,0c9b42d1988648d239403c85d02712d21328884000a44d189
1374,pixel_transfer,8,0,1,1,8,0,1,1,1,0,0,0,0c9b42d1988648d239403c85d02712d21328884000a44d189
1400,pixel_transfer,8,0,1,1,8,0,1,1,1,1,0,0,001482201f95d42e44dcf033028520dc87b1660f099401414
1401,pixel_transfer,8,0,1,1,8,0,1,1,1,1,0,0,001482201f95d42e44dcf033028520dc87b1660f099401414
1402,pixel_transfer,8,0,1,1,8,0,1,1,1,0,0,0,001482201f95d42e44dcf033028520dc87b1660f099401414
1428,pixel_transfer,8,0,1,1,8,0,1,1,1,1,0,0,000a48da9aa0205468f2311848015118025a139240aa080d2
1429,pixel_transfer,8,0,1,1,8,0,1,1,1,1,0,0,000a48da9aa0205468f2311848015118025a139240aa080d2
1430,pixel_transfer,8,0,1,1,8,0,1,1,1,0,0,0,000a48da9aa0205468f2311848015118025a139240aa080d2
1452,pixel_transfer,8,0,1,1,8,0,1,1,1,1,0,0,0a52278698410707e0521008c0ff726815f050384204dffb3
1453,pixel_transfer,8,0,1,1,8,0,1,1,1,1,0,0,0a52278698410707e0521008c0ff726815f050384204dffb3
1454,pixel_transfer,8,0,1,1,8,0,1,1,1,0,0,0,0a52278698410707e0521008c0ff726815f050384204dffb3
1480,pixel_transfer,8,0,1,1,8,0,1,1,1,1,0,0,0b80678f4fc7ded812e8d107886bc30429e570043459f9028
1481,pixel_transfer,8,0,1,1,8,0,1,1,1,1,0,0,0b80678f4fc7ded812e8d107886bc30429e570043459f9028
1482,pixel_transfer,8,0,1,1,8,0,1,1,1,0,0,0,0b80678f4fc7ded812e8d107886bc30429e570043459f9028
1504,pixel_transfer,8,0,1,1,8,0,1,1,1,1,0,0,0fb46c8ffd18ae18a109248f1098968d08f7f044f06c1401b
1505,pixel_transfer,8,0,1,1,8,0,1,1,1,1,0,0,0fb46c8ffd18ae18a109248f1098968d08f7f044f06c1401b
1506,pixel_transfer,8,0,1,1,8,0,1,1,1,0,0,0,0fb46c8ffd18ae18a109248f1098968d08f7f044f06c1401b
1542,pixel_transfer,8,0,1,1,8,0,1,1,1,1,0,0,0167c0058b400e3e8052b8f50e73b029f03f2420e40dc7a86
1543,pixel_transfer,8,0,1,1,8,0,1,1,1,1,0,0,0167c0058b400e3e8052b8f50e73b029f03f2420e40dc7a86
1544,pixel_transfer,8,0,1,1,8,0,1,1,1,0,0,0,0167c0058b400e3e8052b8f50e73b029f03f2420e40dc7a86
1573,pixel_transfer,8,0,1,1,8,0,1,1,1,1,0,0,042a66c88e4f8fed0fca10689ab409080ec61842c4c1660fe
1574,pixel_transfer,8,0,1,1,8,0,1,1,1,1,0,0,042a66c88e4f8fed0fca10689ab409080ec61842c4c1660fe
1575,pixel_transfer,8,0,1,1,8,0,1,1,1,0,0,0,042a66c88e4f8fed0fca10689ab409080ec61842c4c1660fe
1599,pixel_transfer,8,0,1,1,8,0,1,1,1,1,0,0,0401270355292af7840138112244241a00a6e5090c09b880f
1600,pixel_transfer,8,0,1,1,8,0,1,1,1,1,0,0,0401270355292af7840138112244241a00a6e5090c09b880f
1601,pixel_transfer,8,0,1,1,8,0,1,1,1,0,0,0,0401270355292af7840138112244241a00a6e5090c09b880f
1627,pixel_transfer,8,0,1,1,8,0,1,1,1,1,0,0,0557329017f37017c409809d9fe2d8228ef3e323405cda508
1628,pixel_transfer,8,0,1,1,8,0,1,1,1,1,0,0,0557329017f37017c409809d9fe2d8228ef3e323405cda508
1629,pixel_transfer,8,0,1,1,8,0,1,1,1,0,0,0,0557329017f37017c409809d9fe2d8228ef3e323405cda508
1692,pixel_transfer,8,0,1,1,8,0,1,1,1,1,0,0,00c9803ba7ab6f2ff875522ffc11a8728d16808a232740fae
1693,pixel_transfer,8,0,1,1,8,0,1,1,1,1,0,0,00c9803ba7ab6f2ff875522ffc11a8728d16808a232740fae
1694,pixel_transfer,8,0,1,1,8,0,1,1,1,0,0,0,00c9803ba7ab6f2ff875522ffc11a8728d16808a232740fae
1722,pixel_transfer,8,0,1,1,8,0,1,1,1,1,0,0,0a1204820a5b0a0080850c037501450fe02cb22a0a2051028
1723,pixel_transfer,8,0,1,1,8,0,1,1,1,1,0,0,0a1204820a5b0a0080850c037501450fe02cb22a0a2051028
1724,pixel_transfer,8,0,1,1,8,0,1,1,1,0,0,0,0a1204820a5b0a0080850c037501450fe02cb22a0a2051028
1744,pixel_transfer,8,0,1,1,8,0,1,1,1,1,0,0,08f7fc2e7d54f00e829008056bb0303a3728416814db29aaa
1745,pixel_transfer,8,0,1,1,8,0,1,1,1,1,0,0,08f7fc2e7d54f00e829008056bb0303a3728416814db29aaa
1746,pixel_transfer,8,0,1,1,8,0,1,1,1,0,0,0,08f7fc2e7d54f00e829008056bb0303a3728416814db29aaa
1778,pixel_transfer,8,0,1,1,8,0,1,1,1,1,0,0,09e28e9a1e2ffaa6a6ea222fe8823e8e7c128e2d707dd95a8
1779,pixel_transfer,8,0,1,1,8,0,1,1,1,1,0,0,09e28e9a1e2ffaa6a6ea222fe8823e8e7c128e2d707dd95a8
1780,pixel_transfer,8,0,1,1,8,0,1,1,1,0,0,0,09e28e9a1e2ffaa6a6ea222fe8823e8e7c128e2d707dd95a8
1837,pixel_transfer,8,0,1,1,8,0,1,1,1,1,0,0,050140f77e40d2505bfe5121d88df4551f9c10ab0ee3a7abc
1838,pixel_transfer,8,0,1,1,8,0,1,1,1,1,0,0,050140f77e40d2505bfe5121d88df4551f9c10ab0ee3a7abc
1839,pixel_transfer,8,0,1,1,8,0,1,1,1,0,0,0,050140f77e40d2505bfe5121d88df4551f9c10ab0ee3a7abc
1875,pixel_transfer,8,0,1,1,8,0,1,1,1,1,0,0,00ba888eb8f175f5f51039190f1fa1b1ca0fe1606011aa802
1876,pixel_transfer,8,0,1,1,8,0,1,1,1,1,0,0,00ba888eb8f175f5f51039190f1fa1b1ca0fe1606011aa802
1877,pixel_transfer,8,0,1,1,8,0,1,1,1,0,0,0,00ba888eb8f175f5f51039190f1fa1b1ca0fe1606011aa802
1893,pixel_transfer,8,0,1,1,8,0,1,1,1,1,0,0,067040046118b16bc996630c902a2d0c5e7f136030df2f03f
1894,pixel_transfer,8,0,1,1,8,0,1,1,1,1,0,0,067040046118b16bc996630c902a2d0c5e7f136030df2f03f
1895,pixel_transfer,8,0,1,1,8,0,1,1,1,0,0,0,067040046118b16bc996630c902a2d0c5e7f136030df2f03f
1921,pixel_transfer,8,0,1,1,8,0,1,1,1,1,0,0,0a860960805c0ea45093e33fe80754153f0c0e7b70890928a
1922,pixel_transfer,8,0,1,1,8,0,1,1,1,1,0,0,0a860960805c0ea45093e33fe80754153f0c0e7b70890928a
1923,pixel_transfer,8,0,1,1,8,0,1,1,1,0,0,0,0a860960805c0ea45093e33fe80754153f0c0e7b70890928a
1951,pixel_transfer,8,0,1,1,8,0,1,1,1,1,0,0,0225520015192078a2e7425c28110428d50f1a494a2a4c986
1952,pixel_transfer,8,0,1,1,8,0,1,1,1,1,0,0,0225520015192078a2e7425c28110428d50f1a494a2a4c986
1953,pixel_transfer,8,0,1,1,8,0,1,1,1,0,0,0,0225520015192078a2e7425c28110428d50f1a494a2a4c986
1985,pixel_transfer,8,0,1,1,8,0,1,1,1,1,0,0,0bf1100b0c2262280000aa080fa811fb68a50aa75fe8e7044
1986,pixel_transfer,8,0,1,1,8,0,1,1,1,1,0,0,0bf1100b0c2262280000aa080fa811fb68a50aa75fe8e7044
1987,pixel_transfer,8,0,1,1,8,0,1,1,1,0,0,0,0bf1100b0c2262280000aa080fa811fb68a50aa75fe8e7044
2023,pixel_transfer,8,0,1,1,8,0,1,1,1,1,0,0,0a0278e9a213cc2531082e0a5ba3f823c024a7cfb5c82bf0a
2024,pixel_transfer,8,0,1,1,8,0,1,1,1,1,0,0,0a0278e9a213cc2531082e0a5ba3f823c024a7cfb5c82bf0a
2025,pixel_transfer,8,0,1,1,8,0,1,1,1,0,0,0,0a0278e9a213cc2531082e0a5ba3f823c024a7cfb5c82bf0a
2051,pixel_transfer,8,0,1,1,8,0,1,1,1,1,0,0,0a767cfff6d295122e833c838043d1a2180570f9d821e9fa2
2052,pixel_transfer,8,0,1,1,8,0,1,1,1,1,0,0,0a767cfff6d295122e833c838043d1a2180570f9d821e9fa2
2053,pixel_transfer,8,0,1,1,8,0,1,1,1,0,0,0,0a767cfff6d295122e833c838043d1a2180570f9d821e9fa2
2102,pixel_transfer,8,0,1,1,8,0,1,1,1,1,0,0,0179cc8350e128d9921bf8f903364ce4386743042007e1743
2103,pixel_transfer,8,0,1,1,8,0,1,1,1,1,0,0,0179cc8350e128d9921bf8f903364ce4386743042007e1743
2104,pixel_transfer,8,0,1,1,8,0,1,1,1,0,0,0,0179cc8350e128d9921bf8f903364ce4386743042007e1743
2154,pixel_transfer,8,0,1,1,8,0,1,1,1,1,0,0,0f880f0f8812d0064ffa149ee7f7ea83f1fe408ffa9a02145
2155,pixel_transfer,8,0,1,1,8,0,1,1,1,1,0,0,0f880f0f8812d0064ffa149ee7f7ea83f1fe408ffa9a02145
2156,pixel_transfer,8,0,1,1,8,0,1,1,1,0,0,0,0f880f0f8812d0064ffa149ee7f7ea83f1fe408ffa9a02145
2180,pixel_transfer,8,0,1,1,8,0,1,1,1,1,0,0,03c473db508842c1168225e20c08750f8ff2a0324fc6f0150
2181,pixel_transfer,8,0,1,1,8,0,1,1,1,1,0,0,03c473db508842c1168225e20c08750f8ff2a0324fc6f0150
2182,pixel_transfer,8,0,1,1,8,0,1,1,1,0,0,0,03c473db508842c1168225e20c08750f8ff2a0324fc6f0150
2223,pixel_transfer,8,0,1,1,8,0,1,1,1,1,0,0,02523af15010dd922019248e401812602e9a1728d278ac708
2224,line_marker,8,0,1,1,8,0,1,1,1,1,0,0,02523af15010dd922019248e401812602e9a1728d278ac708
2225,pixel_transfer,8,0,1,1,8,0,1,1,1,0,0,0,02523af15010dd922019248e401812602e9a1728d278ac708
2270,pixel_transfer,8,0,1,1,8,0,1,1,1,1,0,0,074fcb0c7048c0835513084aad91015b89d22771144f1ff22
2271,pixel_transfer,8,0,1,1,8,0,1,1,1,1,0,0,074fcb0c7048c0835513084aad91015b89d22771144f1ff22
2272,pixel_transfer,8,0,1,1,8,0,1,1,1,0,0,0,074fcb0c7048c0835513084aad91015b89d22771144f1ff22
2298,pixel_transfer,8,0,1,1,8,0,1,1,1,1,0,0,002105451032cd049d1322e09106a17857ab650706b9414fd
2299,pixel_transfer,8,0,1,1,8,0,1,1,1,1,0,0,002105451032cd049d1322e09106a17857ab650706b9414fd
2300,pixel_transfer,8,0,1,1,8,0,1,1,1,0,0,0,002105451032cd049d1322e09106a17857ab650706b9414fd
2326,pixel_transfer,8,0,1,1,8,0,1,1,1,1,0,0,00408ff4628821af804247cc0ff3055604494bf2a258bc85b
2327,pixel_transfer,8,0,1,1,8,0,1,1,1,1,0,0,00408ff4628821af804247cc0ff3055604494bf2a258bc85b
2328,pixel_transfer,8,0,1,1,8,0,1,1,1,0,0,0,00408ff4628821af804247cc0ff3055604494bf2a258bc85b
2352,pixel_transfer,8,0,1,1,8,0,1,1,1,1,0,0,0913c942a210a1fd68187310f3e6986230e5af85318924241
2353,pixel_transfer,8,0,1,1,8,0,1,1,1,1,0,0,0913c942a210a1fd68187310f3e6986230e5af85318924241
2354,pixel_transfer,8,0,1,1,8,0,1,1,1,0,0,0,0913c942a210a1fd68187310f3e6986230e5af85318924241
2397,pixel_transfer,8,0,1,1,8,0,1,1,1,1,0,0,09c47144259c70039c378f4a08324a684606243b138800009
2398,pixel_transfer,8,0,1,1,8,0,1,1,1,1,0,0,09c47144259c70039c378f4a08324a684606243b138800009
2399,pixel_transfer,8,0,1,1,8,0,1,1,1,0,0,0,09c47144259c70039c378f4a08324a684606243b138800009
2427,pixel_transfer,8,0,1,1,8,0,1,1,1,1,0,0,04680282824fdd5a2e101801ef901d24da01f32170d728023
2428,pixel_transfer,8,0,1,1,8,0,1,1,1,1,0,0,04680282824fdd5a2e101801ef901d24da01f32170d728023
2429,pixel_transfer,8,0,1,1,8,0,1,1,1,0,0,0,04680282824fdd5a2e101801ef901d24da01f32170d728023
2457,pixel_transfer,8,0,1,1,8,0,1,1,1,1,0,0,073c0e83882ff0e9000a8057cf8e33dc0815daf0220b74a51
2458,pixel_transfer,8,0,1,1,8,0,1,1,1,1,0,0,073c0e83882ff0e9000a8057cf8e33dc0815daf0220b74a51
2459,pixel_transfer,8,0,1,1,8,0,1,1,1,0,0,0,073c0e83882ff0e9000a8057cf8e33dc0815daf0220b74a51
2477,pixel_transfer,8,0,1,1,8,0,1,1,1,1,0,0,0a8b8bf207787083de2815c0557e2a092228401090884f080
2478,pixel_transfer,8,0,1,1,8,0,1,1,1,1,0,0,0a8b8bf207787083de2815c0557e2a092228401090884f080
2479,pixel_transfer,8,0,1,1,8,0,1,1,1,0,0,0,0a8b8bf207787083de2815c0557e2a092228401090884f080
2501,pixel_transfer,8,0,1,1,8,0,1,1,1,1,0,0,048d4804728f82149095c40008882fc8c03a2484945020969
2502,pixel_transfer,8,0,1,1,8,0,1,1,1,1,0,0,048d4804728f82149095c40008882fc8c03a2484945020969
2503,pixel_transfer,8,0,1,1,8,0,1,1,1,0,0,0,048d4804728f82149095c40008882fc8c03a2484945020969
2531,pixel_transfer,8,0,1,1,8,0,1,1,1,1,0,0,0085417849ed493220f1a89aeb9ee0a44f122d4784f920228
2532,pixel_transfer,8,0,1,1,8,0,1,1,1,1,0,0,0085417849ed493220f1a89aeb9ee0a44f122d4784f920228
2533,pixel_transfer,8,0,1,1,8,0,1,1,1,0,0,0,0085417849ed493220f1a89aeb9ee0a44f122d4784f920228
2593,pixel_transfer,8,0,1,1,8,0,1,1,1,1,0,0,0a9a93aa5a2798785823e14de5578201529091f01fec3c6e3
2594,pixel_transfer,8,0,1,1,8,0,1,1,1,1,0,0,0a9a93aa5a2798785823e14de5578201529091f01fec3c6e3
2595,pixel_transfer,8,0,1,1,8,0,1,1,1,0,0,0,0a9a93aa5a2798785823e14de5578201529091f01fec3c6e3
2624,pixel_transfer,8,0,1,1,8,0,1,1,1,1,0,0,09a829eff7f801f35914102e800d40841e734fd94082a4400
2625,pixel_transfer,8,0,1,1,8,0,1,1,1,1,0,0,09a829eff7f801f35914102e800d40841e734fd94082a4400
2626,pixel_transfer,8,0,1,1,8,0,1,1,1,0,0,0,09a829eff7f801f35914102e800d40841e734fd94082a4400
2650,pixel_transfer,8,0,1,1,8,0,1,1,1,1,0,0,0117a6012c9b029ecf95f4b8686c0a451043d1a21c1d74e11
2651,pixel_transfer,8,0,1,1,8,0,1,1,1,1,0,0,0117a6012c9b029ecf95f4b8686c0a451043d1a21c1d74e11
2652,pixel_transfer,8,0,1,1,8,0,1,1,1,0,0,0,0117a6012c9b029ecf95f4b8686c0a451043d1a21c1d74e11
2684,pixel_transfer,8,0,1,1,8,0,1,1,1,1,0,0,00512497fe8fb3f0584f20fb5b3f3ecf9a9ff07b30a009960
2685,pixel_transfer,8,0,1,1,8,0,1,1,1,1,0,0,00512497fe8fb3f0584f20fb5b3f3ecf9a9ff07b30a009960
2686,pixel_transfer,8,0,1,1,8,0,1,1,1,0,0,0,00512497fe8fb3f0584f20fb5b3f3ecf9a9ff07b30a009960
2733,pixel_transfer,8,0,1,1,8,0,1,1,1,1,0,0,0953451d529d1018ce24d0b8a11156083ec880f18f02d77ea
2734,pixel_transfer,8,0,1,1,8,0,1,1,1,1,0,0,0953451d529d1018ce24d0b8a11156083ec880f18f02d77ea
2735,pixel_transfer,8,0,1,1,8,0,1,1,1,0,0,0,0953451d529d1018ce24d0b8a11156083ec880f18f02d77ea
2774,pixel_transfer,8,0,1,1,8,0,1,1,1,1,0,0,001b5a8a4920038fa8a26c8f2728412a531403a28046d9104
2775,pixel_transfer,8,0,1,1,8,0,1,1,1,1,0,0,001b5a8a4920038fa8a26c8f2728412a531403a28046d9104
2776,pixel_transfer,8,0,1,1,8,0,1,1,1,0,0,0,001b5a8a4920038fa8a26c8f2728412a531403a28046d9104
2803,pixel_transfer,8,0,1,1,8,0,1,1,1,1,0,0,05c904319b6084804aa42a80cd64852c5ba26a200502ae292
2804,pixel_transfer,8,0,1,1,8,0,1,1,1,1,0,0,05c904319b6084804aa42a80cd64852c5ba26a200502ae292
2805,pixel_transfer,8,0,1,1,8,0,1,1,1,0,0,0,05c904319b6084804aa42a80cd64852c5ba26a200502ae292
2854,pixel_transfer,8,0,1,1,8,0,1,1,1,1,0,0,07f13fc6199e8fa8f4301b81ca0fcd8be44c12505ca12a000
2855,pixel_transfer,8,0,1,1,8,0,1,1,1,1,0,0,07f13fc6199e8fa8f4301b81ca0fcd8be44c12505ca12a000
2856,pixel_transfer,8,0,1,1,8,0,1,1,1,0,0,0,07f13fc6199e8fa8f4301b81ca0fcd8be44c12505ca12a000
2878,pixel_transfer,8,0,1,1,8,0,1,1,1,1,0,0,04eb4a2aa532a012c127ec1ace217c5412ac682be4c450455
2879,pixel_transfer,8,0,1,1,8,0,1,1,1,1,0,0,04eb4a2aa532a012c127ec1ace217c5412ac682be4c450455
2880,pixel_transfer,8,0,1,1,8,0,1,1,1,0,0,0,04eb4a2aa532a012c127ec1ace217c5412ac682be4c450455
2908,pixel_transfer,8,0,1,1,8,0,1,1,1,1,0,0,08d81a0ab204c742a26af7ccc411c1ce841620580a3678380
2909,pixel_transfer,8,0,1,1,8,0,1,1,1,1,0,0,08d81a0ab204c742a26af7ccc411c1ce841620580a3678380
2910,line_marker,8,0,1,1,8,0,1,1,1,0,0,0,08d81a0ab204c742a26af7ccc411c1ce841620580a3678380
2984,pixel_transfer,8,0,1,1,8,0,1,1,1,1,0,0,002223cd6c10321590d024780e863e300f6089b9471f39e2c
2985,pixel_transfer,8,0,1,1,8,0,1,1,1,1,0,0,002223cd6c10321590d024780e863e300f6089b9471f39e2c
2986,pixel_transfer,8,0,1,1,8,0,1,1,1,0,0,0,002223cd6c10321590d024780e863e300f6089b9471f39e2c
3010,pixel_transfer,8,0,1,1,8,0,1,1,1,1,0,0,045c7b708923f825a240c0b3ed800b0680100f7bc65d07f0f
3011,pixel_transfer,8,0,1,1,8,0,1,1,1,1,0,0,045c7b708923f825a240c0b3ed800b0680100f7bc65d07f0f
3012,pixel_transfer,8,0,1,1,8,0,1,1,1,0,0,0,045c7b708923f825a240c0b3ed800b0680100f7bc65d07f0f
3040,pixel_transfer,8,0,1,1,8,0,1,1,1,1,0,0,036c17f5f43a77f81110082868f7fdbd8171c030803022568
3041,pixel_transfer,8,0,1,1,8,0,1,1,1,1,0,0,036c17f5f43a77f81110082868f7fdbd8171c030803022568
3042,pixel_transfer,8,0,1,1,8,0,1,1,1,0,0,0,036c17f5f43a77f81110082868f7fdbd8171c030803022568
3064,pixel_transfer,8,0,1,1,8,0,1,1,1,1,0,0,01b2a5e35ac17f7e771a72391440880802454f97cb40ffc7f
3065,pixel_transfer,8,0,1,1,8,0,1,1,1,1,0,0,01b2a5e35ac17f7e771a72391440880802454f97cb40ffc7f
3066,pixel_transfer,8,0,1,1,8,0,1,1,1,0,0,0,01b2a5e35ac17f7e771a72391440880802454f97cb40ffc7f
3104,pixel_transfer,8,0,1,1,8,0,1,1,1,1,0,0,020840014281c101460dd08b51f746d809a33a8849f12a280
3105,pixel_transfer,8,0,1,1,8,0,1,1,1,1,0,0,020840014281c101460dd08b51f746d809a33a8849f12a280
3106,line_marker,8,0,1,1,8,0,1,1,1,0,0,0,020840014281c101460dd08b51f746d809a33a8849f12a280
3146,pixel_transfer,8,0,1,1,8,0,1,1,1,1,0,0,09200f94050679903ab2405a0efbf0a00158c849202e842a8
3147,pixel_transfer,8,0,1,1,8,0,1,1,1,1,0,0,09200f94050679903ab2405a0efbf0a00158c849202e842a8
3148,pixel_transfer,8,0,1,1,8,0,1,1,1,0,0,0,09200f94050679903ab2405a0efbf0a00158c849202e842a8
3170,pixel_transfer,8,0,1,1,8,0,1,1,1,1,0,0,0d1a3f38c1ecdea78dad5f280c56f51f0d7fd77b81990421b
3171,pixel_transfer,8,0,1,1,8,0,1,1,1,1,0,0,0d1a3f38c1ecdea78dad5f280c56f51f0d7fd77b81990421b
3172,pixel_transfer,8,0,1,1,8,0,1,1,1,0,0,0,0d1a3f38c1ecdea78dad5f280c56f51f0d7fd77b81990421b
3220,pixel_transfer,8,0,1,1,8,0,1,1,1,1,0,0,06878903142b9d053f72834c039096d0db3270f2452205420
3221,pixel_transfer,8,0,1,1,8,0,1,1,1,1,0,0,06878903142b9d053f72834c039096d0db3270f2452205420
3222,pixel_transfer,8,0,1,1,8,0,1,1,1,0,0,0,06878903142b9d053f72834c039096d0db3270f2452205420
3250,pixel_transfer,8,0,1,1,8,0,1,1,1,1,0,0,00fe42ac02095cee38b16337a4336c1ece1411442991bf5a4
3251,pixel_transfer,8,0,1,1,8,0,1,1,1,1,0,0,00fe42ac02095cee38b16337a4336c1ece1411442991bf5a4
3252,pixel_transfer,8,0,1,1,8,0,1,1,1,0,0,0,00fe42ac02095cee38b16337a4336c1ece1411442991bf5a4
3284,pixel_transfer,8,0,1,1,8,0,1,1,1,1,0,0,08a0b0428ee98013001823d8412a83f50d594080ba82109e5
3285,pixel_transfer,8,0,1,1,8,0,1,1,1,1,0,0,08a0b0428ee98013001823d8412a83f50d594080ba82109e5
3286,pixel_transfer,8,0,1,1,8,0,1,1,1,0,0,0,08a0b0428ee98013001823d8412a83f50d594080ba82109e5
3310,pixel_transfer,8,0,1,1,8,0,1,1,1,1,0,0,0ce750934798a2080b852559043a966441155c5cfd9d11404
3311,pixel_transfer,8,0,1,1,8,0,1,1,1,1,0,0,0ce750934798a2080b852559043a966441155c5cfd9d11404
3312,pixel_transfer,8,0,1,1,8,0,1,1,1,0,0,0,0ce750934798a2080b852559043a966441155c5cfd9d11404
3373,pixel_transfer,8,0,1,1,8,0,1,1,1,1,0,0,03011096099c30325aeac2a08304a069d609018a1c4777e1c
3374,pixel_transfer,8,0,1,1,8,0,1,1,1,1,0,0,03011096099c30325aeac2a08304a069d609018a1c4777e1c
3375,pixel_transfer,8,0,1,1,8,0,1,1,1,0,0,0,03011096099c30325aeac2a08304a069d609018a1c4777e1c
3405,pixel_transfer,8,0,1,1,8,0,1,1,1,1,0,0,00fb52e46ca81370550350450330a44f95d24006b242980c2
3406,pixel_transfer,8,0,1,1,8,0,1,1,1,1,0,0,00fb52e46ca81370550350450330a44f95d24006b242980c2
3407,pixel_transfer,8,0,1,1,8,0,1,1,1,0,0,0,00fb52e46ca81370550350450330a44f95d24006b242980c2
3431,pixel_transfer,8,0,1,1,8,0,1,1,1,1,0,0,03bc24f1000ad370ff89103858281e01f508ec0204001a8fb
3432,pixel_transfer,8,0,1,1,8,0,1,1,1,1,0,0,03bc24f1000ad370ff89103858281e01f508ec0204001a8fb
3433,pixel_transfer,8,0,1,1,8,0,1,1,1,0,0,0,03bc24f1000ad370ff89103858281e01f508ec0204001a8fb
3490,pixel_transfer,8,0,1,1,8,0,1,1,1,1,0,0,030200d5982419a52f05777223a4d2ab5c10f91681c07c00c
3491,pixel_transfer,8,0,1,1,8,0,1,1,1,1,0,0,030200d5982419a52f05777223a4d2ab5c10f91681c07c00c
3492,pixel_transfer,8,0,1,1,8,0,1,1,1,0,0,0,030200d5982419a52f05777223a4d2ab5c10f91681c07c00c
3538,pixel_transfer,8,0,1,1,8,0,1,1,1,1,0,0,09e07acb6ec9f30601100108304d020731ddfd11c563977f6
3539,pixel_transfer,8,0,1,1,8,0,1,1,1,1,0,0,09e07acb6ec9f30601100108304d020731ddfd11c563977f6
3540,pixel_transfer,8,0,1,1,8,0,1,1,1,0,0,0,09e07acb6ec9f30601100108304d020731ddfd11c563977f6
3574,pixel_transfer,8,0,1,1,8,0,1,1,1,1,0,0,009631cfd97101a0271002cdae38c87411fc5244979609245
3575,pixel_transfer,8,0,1,1,8,0,1,1,1,1,0,0,009631cfd97101a0271002cdae38c87411fc5244979609245
3576,pixel_transfer,8,0,1,1,8,0,1,1,1,0,0,0,009631cfd97101a0271002cdae38c87411fc5244979609245
3618,pixel_transfer,8,0,1,1,8,0,1,1,1,1,0,0,0036176b83380e2ff03fe871135412519fede0a0a498e65f7
3619,pixel_transfer,8,0,1,1,8,0,1,1,1,1,0,0,0036176b83380e2ff03fe871135412519fede0a0a498e65f7
3620,pixel_transfer,8,0,1,1,8,0,1,1,1,0,0,0,0036176b83380e2ff03fe871135412519fede0a0a498e65f7
3663,pixel_transfer,8,0,1,1,8,0,1,1,1,1,0,0,038bc687ca820c50f2282129e487e4a4095c7ff5fd93e9e49
3664,pixel_transfer,8,0,1,1,8,0,1,1,1,1,0,0,038bc687ca820c50f2282129e487e4a4095c7ff5fd93e9e49
3665,pixel_transfer,8,0,1,1,8,0,1,1,1,0,0,0,038bc687ca820c50f2282129e487e4a4095c7ff5fd93e9e49
3691,pixel_transfer,8,0,1,1,8,0,1,1,1,1,0,0,0fe770350504202281521900154d235390eb48ba082b71a00
3692,pixel_transfer,8,0,1,1,8,0,1,1,1,1,0,0,0fe770350504202281521900154d235390eb48ba082b71a00
3693,pixel_transfer,8,0,1,1,8,0,1,1,1,0,0,0,0fe770350504202281521900154d235390eb48ba082b71a00
3734,pixel_transfer,8,0,1,1,8,0,1,1,1,1,0,0,0011e0049045040080114c06398441f0afeb6ae2405504292
3735,pixel_transfer,8,0,1,1,8,0,1,1,1,1,0,0,0011e0049045040080114c06398441f0afeb6ae2405504292
3736,pixel_transfer,8,0,1,1,8,0,1,1,1,0,0,0,0011e0049045040080114c06398441f0afeb6ae2405504292
3762,pixel_transfer,8,0,1,1,8,0,1,1,1,1,0,0,089e32832f000fc554d45fca21ed40efba850f0400aa080d4
3763,pixel_transfer,8,0,1,1,8,0,1,1,1,1,0,0,089e32832f000fc554d45fca21ed40efba850f0400aa080d4
3764,pixel_transfer,8,0,1,1,8,0,1,1,1,0,0,0,089e32832f000fc554d45fca21ed40efba850f0400aa080d4
3796,pixel_transfer,8,0,1,1,8,0,1,1,1,1,0,0,0e6780dc939056629cd8bfe92dd0d24b3874910b242c8d18c
3797,pixel_transfer,8,0,1,1,8,0,1,1,1,1,0,0,0e6780dc939056629cd8bfe92dd0d24b3874910b242c8d18c
3798,pixel_transfer,8,0,1,1,8,0,1,1,1,0,0,0,0e6780dc939056629cd8bfe92dd0d24b3874910b242c8d18c
3828,pixel_transfer,8,0,1,1,8,0,1,1,1,1,0,0,0294eca82e2127493e294649f138189660f14972095c82b36
3829,pixel_transfer,8,0,1,1,8,0,1,1,1,1,0,0,0294eca82e2127493e294649f138189660f14972095c82b36
3830,pixel_transfer,8,0,1,1,8,0,1,1,1,0,0,0,0294eca82e2127493e294649f138189660f14972095c82b36
3852,pixel_transfer,8,0,1,1,8,0,1,1,1,1,0,0,042820058ee4092691109a819f1ffc804fc715d9198649140
3853,pixel_transfer,8,0,1,1,8,0,1,1,1,1,0,0,042820058ee4092691109a819f1ffc804fc715d9198649140
3854,pixel_transfer,8,0,1,1,8,0,1,1,1,0,0,0,042820058ee4092691109a819f1ffc804fc715d9198649140
3903,pixel_transfer,8,0,1,1,8,0,1,1,1,1,0,0,080029a9e2a5ca318968a08d5a1e4c13fe9e001a9c0ad12d4
3904,pixel_transfer,8,0,1,1,8,0,1,1,1,1,0,0,080029a9e2a5ca318968a08d5a1e4c13fe9e001a9c0ad12d4
3905,pixel_transfer,8,0,1,1,8,0,1,1,1,0,0,0,080029a9e2a5ca318968a08d5a1e4c13fe9e001a9c0ad12d4
3950,pixel_transfer,8,0,1,1,8,0,1,1,1,1,0,0,0664f7fbe802fa820456f712587340665d018825c824b80ca
3951,pixel_transfer,8,0,1,1,8,0,1,1,1,1,0,0,0664f7fbe802fa820456f712587340665d018825c824b80ca
3952,pixel_transfer,8,0,1,1,8,0,1,1,1,0,0,0,0664f7fbe802fa820456f712587340665d018825c824b80ca
3980,pixel_transfer,8,0,1,1,8,0,1,1,1,1,0,0,08cfa8f6ec7b91a074f59845f88cb1b0caa01cd902301eb84
3981,pixel_transfer,8,0,1,1,8,0,1,1,1,1,0,0,08cfa8f6ec7b91a074f59845f88cb1b0caa01cd902301eb84
3982,pixel_transfer,8,0,1,1,8,0,1,1,1,0,0,0,08cfa8f6ec7b91a074f59845f88cb1b0caa01cd902301eb84
4028,pixel_transfer,8,0,1,1,8,0,1,1,1,1,0,0,0ff831925f13d0024435201e1ab16e1df24232df32ac0c59d
4029,pixel_transfer,8,0,1,1,8,0,1,1,1,1,0,0,0ff831925f13d0024435201e1ab16e1df24232df32ac0c59d
4030,pixel_transfer,8,0,1,1,8,0,1,1,1,0,0,0,0ff831925f13d0024435201e1ab16e1df24232df32ac0c59d
4060,pixel_transfer,8,0,1,1,8,0,1,1,1,1,0,0,087a092c061456014ff75bb4c557509891f256935047f0e60
4061,pixel_transfer,8,0,1,1,8,0,1,1,1,1,0,0,087a092c061456014ff75bb4c557509891f256935047f0e60
4062,pixel_transfer,8,0,1,1,8,0,1,1,1,0,0,0,087a092c061456014ff75bb4c557509891f256935047f0e60
4090,pixel_transfer,8,0,1,1,8,0,1,1,1,1,0,0,047ff3f048d0913f667124ca1e3c0e9c1b9aa750466184405
4091,pixel_transfer,8,0,1,1,8,0,1,1,1,1,0,0,047ff3f048d0913f667124ca1e3c0e9c1b9aa750466184405
4092,pixel_transfer,8,0,1,1,8,0,1,1,1,0,0,0,047ff3f048d0913f667124ca1e3c0e9c1b9aa750466184405
4116,pixel_transfer,8,0,1,1,8,0,1,1,1,1,0,0,07c029454500073fc469400063ce7c08f402e1505c83c61e1
4117,pixel_transfer,8,0,1,1,8,0,1,1,1,1,0,0,07c029454500073fc469400063ce7c08f402e1505c83c61e1
4118,pixel_transfer,8,0,1,1,8,0,1,1,1,0,0,0,07c029454500073fc469400063ce7c08f402e1505c83c61e1
4156,pixel_transfer,8,0,1,1,8,0,1,1,1,1,0,0,02210105453082b0220d224414a220315254020e88c4d0e12
4157,pixel_transfer,8,0,1,1,8,0,1,1,1,1,0,0,02210105453082b0220d224414a220315254020e88c4d0e12
4158,pixel_transfer,8,0,1,1,8,0,1,1,1,0,0,0,02210105453082b0220d224414a220315254020e88c4d0e12
4214,pixel_transfer,8,0,1,1,8,0,1,1,1,1,0,0,0a080bfbfb84994f0bf0607171a03822841c1e7f8bee07066
4215,pixel_transfer,8,0,1,1,8,0,1,1,1,1,0,0,0a080bfbfb84994f0bf0607171a03822841c1e7f8bee07066
4216,pixel_transfer,8,0,1,1,8,0,1,1,1,0,0,0,0a080bfbfb84994f0bf0607171a03822841c1e7f8bee07066
4255,pixel_transfer,8,0,1,1,8,0,1,1,1,1,0,0,00020a00815052f824198c35ff7c05401bce7a48843472004
4256,pixel_transfer,8,0,1,1,8,0,1,1,1,1,0,0,00020a00815052f824198c35ff7c05401bce7a48843472004
4257,pixel_transfer,8,0,1,1,8,0,1,1,1,0,0,0,00020a00815052f824198c35ff7c05401bce7a48843472004
4287,pixel_transfer,8,0,1,1,8,0,1,1,1,1,0,0,0b82b091bdeac1311bd1e0ed05284e027d93d80d003dae185
4288,pixel_transfer,8,0,1,1,8,0,1,1,1,1,0,0,0b82b091bdeac1311bd1e0ed05284e027d93d80d003dae185
4289,pixel_transfer,8,0,1,1,8,0,1,1,1,0,0,0,0b82b091bdeac1311bd1e0ed05284e027d93d80d003dae185
4334,pixel_transfer,8,0,1,1,8,0,1,1,1,1,0,0,006c4255400c1c843b2bf063f2fa281af1a21071351521cf5
4335,pixel_transfer,8,0,1,1,8,0,1,1,1,1,0,0,006c4255400c1c843b2bf063f2fa281af1a21071351521cf5
4336,pixel_transfer,8,0,1,1,8,0,1,1,1,0,0,0,006c4255400c1c843b2bf063f2fa281af1a21071351521cf5
4364,pixel_transfer,8,0,1,1,8,0,1,1,1,1,0,0,032b5675f1181c1f1c0a437fc7d6083bf0ae0904fc1cfacea
4365,pixel_transfer,8,0,1,1,8,0,1,1,1,1,0,0,032b5675f1181c1f1c0a437fc7d6083bf0ae0904fc1cfacea
4366,pixel_transfer,8,0,1,1,8,0,1,1,1,0,0,0,032b5675f1181c1f1c0a437fc7d6083bf0ae0904fc1cfacea
4386,pixel_transfer,8,0,1,1,8,0,1,1,1,1,0,0,01f1844e70b7aa3ff96108940043c3493c0803204805a8888
4387,pixel_transfer,8,0,1,1,8,0,1,1,1,1,0,0,01f1844e70b7aa3ff96108940043c3493c0803204805a8888
4388,pixel_transfer,8,0,1,1,8,0,1,1,1,0,0,0,01f1844e70b7aa3ff96108940043c3493c0803204805a8888
4414,pixel_transfer,8,0,1,1,8,0,1,1,1,1,0,0,0a028730008700091620508658012e0cfee90d5a341820ab2
4415,pixel_transfer,8,0,1,1,8,0,1,1,1,1,0,0,0a028730008700091620508658012e0cfee90d5a341820ab2
4416,pixel_transfer,8,0,1,1,8,0,1,1,1,0,0,0,0a028730008700091620508658012e0cfee90d5a341820ab2
4491,pixel_transfer,8,0,1,1,8,0,1,1,1,1,0,0,0d315608194543c781727147c0c5f91006b05000901992502
4492,pixel_transfer,8,0,1,1,8,0,1,1,1,1,0,0,0d315608194543c781727147c0c5f91006b05000901992502
4493,pixel_transfer,8,0,1,1,8,0,1,1,1,0,0,0,0d315608194543c781727147c0c5f91006b05000901992502
4523,pixel_transfer,8,0,1,1,8,0,1,1,1,1,0,0,0dac307502320bcef0405c4070184ffafa2db2c55480985a0
4524,pixel_transfer,8,0,1,1,8,0,1,1,1,1,0,0,0dac307502320bcef0405c4070184ffafa2db2c55480985a0
4525,pixel_transfer,8,0,1,1,8,0,1,1,1,0,0,0,0dac307502320bcef0405c4070184ffafa2db2c55480985a0
4551,pixel_transfer,8,0,1,1,8,0,1,1,1,1,0,0,0c4f716047d4f93806a04504082837b50f9c4ffb70da076e0
4552,pixel_transfer,8,0,1,1,8,0,1,1,1,1,0,0,0c4f716047d4f93806a04504082837b50f9c4ffb70da076e0
4553,pixel_transfer,8,0,1,1,8,0,1,1,1,0,0,0,0c4f716047d4f93806a04504082837b50f9c4ffb70da076e0
4577,pixel_transfer,8,0,1,1,8,0,1,1,1,1,0,0,08f0fe318065f227a920034841789e9ff918913acf2b659d1
4578,pixel_transfer,8,0,1,1,8,0,1,1,1,1,0,0,08f0fe318065f227a920034841789e9ff918913acf2b659d1
4579,pixel_transfer,8,0,1,1,8,0,1,1,1,0,0,0,08f0fe318065f227a920034841789e9ff918913acf2b659d1
4638,pixel_transfer,8,0,1,1,8,0,1,1,1,1,0,0,0819141073c5a5d1fb480dd1f643c292ebe2ae31f169af048
4639,pixel_transfer,8,0,1,1,8,0,1,1,1,1,0,0,0819141073c5a5d1fb480dd1f643c292ebe2ae31f169af048
4640,pixel_transfer,8,0,1,1,8,0,1,1,1,0,0,0,0819141073c5a5d1fb480dd1f643c292ebe2ae31f169af048
4668,pixel_transfer,8,0,1,1,8,0,1,1,1,1,0,0,0609106ca10a8ff853d5ba3b81d1583e093fe0059106cf057
4669,pixel_transfer,8,0,1,1,8,0,1,1,1,1,0,0,0609106ca10a8ff853d5ba3b81d1583e093fe0059106cf057
4670,pixel_transfer,8,0,1,1,8,0,1,1,1,0,0,0,0609106ca10a8ff853d5ba3b81d1583e093fe0059106cf057
4700,pixel_transfer,8,0,1,1,8,0,1,1,1,1,0,0,0f1edcf2c020545a9338e377106070190f74ec0b2ea7a9e45
4701,pixel_transfer,8,0,1,1,8,0,1,1,1,1,0,0,0f1edcf2c020545a9338e377106070190f74ec0b2ea7a9e45
4702,pixel_transfer,8,0,1,1,8,0,1,1,1,0,0,0,0f1edcf2c020545a9338e377106070190f74ec0b2ea7a9e45
4761,pixel_transfer,8,0,1,1,8,0,1,1,1,1,0,0,0aab80644258f0045415444c19c54ae739cbae30394942045
4762,pixel_transfer,8,0,1,1,8,0,1,1,1,1,0,0,0aab80644258f0045415444c19c54ae739cbae30394942045
4763,pixel_transfer,8,0,1,1,8,0,1,1,1,0,0,0,0aab80644258f0045415444c19c54ae739cbae30394942045
4803,pixel_transfer,8,0,1,1,8,0,1,1,1,1,0,0,0200062f1d70895ab9baf4a4a01c61d17e45d511288083525
4804,pixel_transfer,8,0,1,1,8,0,1,1,1,1,0,0,0200062f1d70895ab9baf4a4a01c61d17e45d511288083525
4805,pixel_transfer,8,0,1,1,8,0,1,1,1,0,0,0,0200062f1d70895ab9baf4a4a01c61d17e45d511288083525
4833,pixel_transfer,8,0,1,1,8,0,1,1,1,1,0,0,0e35d29fa35d980420200280900d23f1102282504a0803c1e
4834,pixel_transfer,8,0,1,1,8,0,1,1,1,1,0,0,0e35d29fa35d980420200280900d23f1102282504a0803c1e
4835,pixel_transfer,8,0,1,1,8,0,1,1,1,0,0,0,0e35d29fa35d980420200280900d23f1102282504a0803c1e
4859,pixel_transfer,8,0,1,1,8,0,1,1,1,1,0,0,0aa052821f8d50e11dd61f232094986110221b48803f8ff10
4860,pixel_transfer,8,0,1,1,8,0,1,1,1,1,0,0,0aa052821f8d50e11dd61f232094986110221b48803f8ff10
4861,pixel_transfer,8,0,1,1,8,0,1,1,1,0,0,0,0aa052821f8d50e11dd61f232094986110221b48803f8ff10
4897,pixel_transfer,8,0,1,1,8,0,1,1,1,1,0,0,01fcc1fcd1f90e08a11b25184ea4f24e24434088874e34ef0
4898,pixel_transfer,8,0,1,1,8,0,1,1,1,1,0,0,01fcc1fcd1f90e08a11b25184ea4f24e24434088874e34ef0
4899,pixel_transfer,8,0,1,1,8,0,1,1,1,0,0,0,01fcc1fcd1f90e08a11b25184ea4f24e24434088874e34ef0
4923,pixel_transfer,8,0,1,1,8,0,1,1,1,1,0,0,09ea195c0697fa9a491100ff8150500be9649f47f3ca07723
4924,pixel_transfer,8,0,1,1,8,0,1,1,1,1,0,0,09ea195c0697fa9a491100ff8150500be9649f47f3ca07723
4925,pixel_transfer,8,0,1,1,8,0,1,1,1,0,0,0,09ea195c0697fa9a491100ff8150500be9649f47f3ca07723
4951,pixel_transfer,8,0,1,1,8,0,1,1,1,1,0,0,0843de28120048f0f4c9029fc87fe3701dff17bc81018b042
4952,pixel_transfer,8,0,1,1,8,0,1,1,1,1,0,0,0843de28120048f0f4c9029fc87fe3701dff17bc81018b042
4953,pixel_transfer,8,0,1,1,8,0,1,1,1,0,0,0,0843de28120048f0f4c9029fc87fe3701dff17bc81018b042
5012,pixel_transfer,8,0,1,1,8,0,1,1,1,1,0,0,0524a00b822b6c225286874fc4851d5ece95004d7a0dff4d8
5013,pixel_transfer,8,0,1,1,8,0,1,1,1,1,0,0,0524a00b822b6c225286874fc4851d5ece95004d7a0dff4d8
5014,pixel_transfer,8,0,1,1,8,0,1,1,1,0,0,0,0524a00b822b6c225286874fc4851d5ece95004d7a0dff4d8
5040,pixel_transfer,8,0,1,1,8,0,1,1,1,1,0,0,008a000f8f30f0d5283848f43c03751005b5401dc7da2e00f
5041,pixel_transfer,8,0,1,1,8,0,1,1,1,1,0,0,008a000f8f30f0d5283848f43c03751005b5401dc7da2e00f
5042,pixel_transfer,8,0,1,1,8,0,1,1,1,0,0,0,008a000f8f30f0d5283848f43c03751005b5401dc7da2e00f
5069,pixel_transfer,8,0,1,1,8,0,1,1,1,1,0,0,010890c1ab65c401355052d080ddbeca37a1650308daa44a0
5070,pixel_transfer,8,0,1,1,8,0,1,1,1,1,0,0,010890c1ab65c401355052d080ddbeca37a1650308daa44a0
5071,pixel_transfer,8,0,1,1,8,0,1,1,1,0,0,0,010890c1ab65c401355052d080ddbeca37a1650308daa44a0
5101,pixel_transfer,8,0,1,1,8,0,1,1,1,1,0,0,0bf4050f4acb7280f25fec8dc4fe422001b0108d0789e07e1
5102,pixel_transfer,8,0,1,1,8,0,1,1,1,1,0,0,0bf4050f4acb7280f25fec8dc4fe422001b0108d0789e07e1
5103,pixel_transfer,8,0,1,1,8,0,1,1,1,0,0,0,0bf4050f4acb7280f25fec8dc4fe422001b0108d0789e07e1
5135,pixel_transfer,8,0,1,1,8,0,1,1,1,1,0,0,014cc200c9b46bf4a803701d53aa0efa22df28801f49b1104
5136,pixel_transfer,8,0,1,1,8,0,1,1,1,1,0,0,014cc200c9b46bf4a803701d53aa0efa22df28801f49b1104
5137,pixel_transfer,8,0,1,1,8,0,1,1,1,0,0,0,014cc200c9b46bf4a803701d53aa0efa22df28801f49b1104
5190,pixel_transfer,8,0,1,1,8,0,1,1,1,1,0,0,014ec35c123d4b936f88a14c42f92a1791551d6bd01d6e727
5191,pixel_transfer,8,0,1,1,8,0,1,1,1,1,0,0,014ec35c123d4b936f88a14c42f92a1791551d6bd01d6e727
5192,pixel_transfer,8,0,1,1,8,0,1,1,1,0,0,0,014ec35c123d4b936f88a14c42f92a1791551d6bd01d6e727
5218,pixel_transfer,8,0,1,1,8,0,1,1,1,1,0,0,007f2de103d07a0e530c93d6e193f1a849f60f19fa76ebc01
5219,pixel_transfer,8,0,1,1,8,0,1,1,1,1,0,0,007f2de103d07a0e530c93d6e193f1a849f60f19fa76ebc01
5220,pixel_transfer,8,0,1,1,8,0,1,1,1,0,0,0,007f2de103d07a0e530c93d6e193f1a849f60f19fa76ebc01
5252,pixel_transfer,8,0,1,1,8,0,1,1,1,1,0,0,035420db00853018c10a440302d91ec6385bb04035655cbda
5253,pixel_transfer,8,0,1,1,8,0,1,1,1,1,0,0,035420db00853018c10a440302d91ec6385bb04035655cbda
5254,pixel_transfer,8,0,1,1,8,0,1,1,1,0,0,0,035420db00853018c10a440302d91ec6385bb04035655cbda
5292,pixel_transfer,8,0,1,1,8,0,1,1,1,1,0,0,0b1a74381ffc69580d6510150f06c37408d305c384351418d
5293,pixel_transfer,8,0,1,1,8,0,1,1,1,1,0,0,0b1a74381ffc69580d6510150f06c37408d305c384351418d
5294,pixel_transfer,8,0,1,1,8,0,1,1,1,0,0,0,0b1a74381ffc69580d6510150f06c37408d305c384351418d
5320,pixel_transfer,8,0,1,1,8,0,1,1,1,1,0,0,00815f23a8a529cf3284804058c505145267493ef8340cda3
5321,pixel_transfer,8,0,1,1,8,0,1,1,1,1,0,0,00815f23a8a529cf3284804058c505145267493ef8340cda3
5322,pixel_transfer,8,0,1,1,8,0,1,1,1,0,0,0,00815f23a8a529cf3284804058c505145267493ef8340cda3
5370,pixel_transfer,8,0,1,1,8,0,1,1,1,1,0,0,0532686efe7e089a23fc8ea0e18ee0544f93adc8b323541c1
5371,pixel_transfer,8,0,1,1,8,0,1,1,1,1,0,0,0532686efe7e089a23fc8ea0e18ee0544f93adc8b323541c1
5372,pixel_transfer,8,0,1,1,8,0,1,1,1,0,0,0,0532686efe7e089a23fc8ea0e18ee0544f93adc8b323541c1
5392,pixel_transfer,8,0,1,1,8,0,1,1,1,1,0,0,0f444ee25007c12d4fd74084382c520d3092001e02f303000
5393,pixel_transfer,8,0,1,1,8,0,1,1,1,1,0,0,0f444ee25007c12d4fd74084382c520d3092001e02f303000
5394,pixel_transfer,8,0,1,1,8,0,1,1,1,0,0,0,0f444ee25007c12d4fd74084382c520d3092001e02f303000
5462,pixel_transfer,8,0,1,1,8,0,1,1,1,1,0,0,049ee42f01fa78308253e8f076904921480947f018345c15d
5463,pixel_transfer,8,0,1,1,8,0,1,1,1,1,0,0,049ee42f01fa78308253e8f076904921480947f018345c15d
5464,pixel_transfer,8,0,1,1,8,0,1,1,1,0,0,0,049ee42f01fa78308253e8f076904921480947f018345c15d
5490,pixel_transfer,8,0,1,1,8,0,1,1,1,1,0,0,0bf70ca3d5f440eac2821fca20869689b21f889e83814d901
5491,pixel_transfer,8,0,1,1,8,0,1,1,1,1,0,0,0bf70ca3d5f440eac2821fca20869689b21f889e83814d901
5492,pixel_transfer,8,0,1,1,8,0,1,1,1,0,0,0,0bf70ca3d5f440eac2821fca20869689b21f889e83814d901
5524,pixel_transfer,8,0,1,1,8,0,1,1,1,1,0,0,0847fa5db84889f51129c7828ffd21200bf28d8171cfeb701
5525,pixel_transfer,8,0,1,1,8,0,1,1,1,1,0,0,0847fa5db84889f51129c7828ffd21200bf28d8171cfeb701
5526,pixel_transfer,8,0,1,1,8,0,1,1,1,0,0,0,0847fa5db84889f51129c7828ffd21200bf28d8171cfeb701
5550,pixel_transfer,8,0,1,1,8,0,1,1,1,1,0,0,00c07b464f04590351020ffb6df64fe00b42290ae044010c0
5551,pixel_transfer,8,0,1,1,8,0,1,1,1,1,0,0,00c07b464f04590351020ffb6df64fe00b42290ae044010c0
5552,pixel_transfer,8,0,1,1,8,0,1,1,1,0,0,0,00c07b464f04590351020ffb6df64fe00b42290ae044010c0
5593,pixel_transfer,8,0,1,1,8,0,1,1,1,1,0,0,0ec11c125545029aa5a041dd81a7f28916355a60495244300
5594,pixel_transfer,8,0,1,1,8,0,1,1,1,1,0,0,0ec11c125545029aa5a041dd81a7f28916355a60495244300
5595,pixel_transfer,8,0,1,1,8,0,1,1,1,0,0,0,0ec11c125545029aa5a041dd81a7f28916355a60495244300
5642,pixel_transfer,8,0,1,1,8,0,1,1,1,1,0,0,081ab00b6c8470a302ab0447e25849e040eaf8222385bc116
5643,pixel_transfer,8,0,1,1,8,0,1,1,1,1,0,0,081ab00b6c8470a302ab0447e25849e040eaf8222385bc116
5644,pixel_transfer,8,0,1,1,8,0,1,1,1,0,0,0,081ab00b6c8470a302ab0447e25849e040eaf8222385bc116
5674,pixel_transfer,8,0,1,1,8,0,1,1,1,1,0,0,07688ef7de1e33f8a9f95aac29e06cc265008772a9846d529
5675,pixel_transfer,8,0,1,1,8,0,1,1,1,1,0,0,07688ef7de1e33f8a9f95aac29e06cc265008772a9846d529
5676,pixel_transfer,8,0,1,1,8,0,1,1,1,0,0,0,07688ef7de1e33f8a9f95aac29e06cc265008772a9846d529
5698,pixel_transfer,8,0,1,1,8,0,1,1,1,1,0,0,04a078007b04b7e04c700024020d28a182249d93b04557c8c
5699,pixel_transfer,8,0,1,1,8,0,1,1,1,1,0,0,04a078007b04b7e04c700024020d28a182249d93b04557c8c
5700,pixel_transfer,8,0,1,1,8,0,1,1,1,0,0,0,04a078007b04b7e04c700024020d28a182249d93b04557c8c
5749,pixel_transfer,8,0,1,1,8,0,1,1,1,1,0,0,058c2af2202101f59f4f3d4071868ff80cf3151a908f02a7b
5750,pixel_transfer,8,0,1,1,8,0,1,1,1,1,0,0,058c2af2202101f59f4f3d4071868ff80cf3151a908f02a7b
5751,pixel_transfer,8,0,1,1,8,0,1,1,1,0,0,0,058c2af2202101f59f4f3d4071868ff80cf3151a908f02a7b
5783,pixel_transfer,8,0,1,1,8,0,1,1,1,1,0,0,04b030711c84a1705d33dc5227e82b4a72129fda1422746c6
5784,pixel_transfer,8,0,1,1,8,0,1,1,1,1,0,0,04b030711c84a1705d33dc5227e82b4a72129fda1422746c6
5785,pixel_transfer,8,0,1,1,8,0,1,1,1,0,0,0,04b030711c84a1705d33dc5227e82b4a72129fda1422746c6
5813,pixel_transfer,8,0,1,1,8,0,1,1,1,1,0,0,02a447628d5000130048404200039306081e0e801ff1627ca
5814,pixel_transfer,8,0,1,1,8,0,1,1,1,1,0,0,02a447628d5000130048404200039306081e0e801ff1627ca
5815,pixel_transfer,8,0,1,1,8,0,1,1,1,0,0,0,02a447628d5000130048404200039306081e0e801ff1627ca
5848,pixel_transfer,8,0,1,1,8,0,1,1,1,1,0,0,01b2a8d20493aff18ae23d708c251ad17b554651000002237
5849,pixel_transfer,8,0,1,1,8,0,1,1,1,1,0,0,01b2a8d20493aff18ae23d708c251ad17b554651000002237
5850,output_drain,8,0,1,1,8,0,1,1,1,0,0,0,01b2a8d20493aff18ae23d708c251ad17b554651000002237
5894,output_drain,8,0,1,1,8,0,1,1,1,1,0,0,0c08f6a8248a62e114490a1dc1444091490f86a11a0a4022c
5895,output_drain,8,0,1,1,8,0,1,1,1,1,0,0,0c08f6a8248a62e114490a1dc1444091490f86a11a0a4022c
5896,output_drain,8,0,1,1,8,0,1,1,1,0,0,0,0c08f6a8248a62e114490a1dc1444091490f86a11a0a4022c
5928,output_drain,8,0,1,1,8,0,1,1,1,1,0,0,00018ffe1a8a240f39c0740793800d08b51448f506d7f240a
5929,output_drain,8,0,1,1,8,0,1,1,1,1,0,0,00018ffe1a8a240f39c0740793800d08b51448f506d7f240a
5930,output_drain,8,0,1,1,8,0,1,1,1,0,0,0,00018ffe1a8a240f39c0740793800d08b51448f506d7f240a
